<?xml version="1.0" encoding="UTF-8"?>
<application version="1.4" xmlns="http://java.sun.com/xml/ns/j2ee" xmlns:xsi="http://www.w3.org/2001/XMLSchema-instance" xsi:schemaLocation="http://java.sun.com/xml/ns/j2ee http://java.sun.com/xml/ns/j2ee/application_1_4.xsd">
    <display-name>OnlineBookStore</display-name>
    <module>
        <ejb>OnlineBookStore-ejb.jar</ejb>
    </module>
    <module>
        <java>OnlineBookStore-app-client.jar</java>
    </module>
    <module>
        <web>
            <web-uri>OnlineBookStore-web.war</web-uri>
            <context-root>/OnlineBookStore-web</context-root>
        </web>
    </module>
</application>
