<?xml version="1.0" encoding="UTF-8"?>
<ejb-jar version="2.1" xmlns="http://java.sun.com/xml/ns/j2ee" xmlns:xsi="http://www.w3.org/2001/XMLSchema-instance" xsi:schemaLocation="http://java.sun.com/xml/ns/j2ee http://java.sun.com/xml/ns/j2ee/ejb-jar_2_1.xsd">
    <display-name>OnlineBookStore-ejb</display-name>
    <enterprise-beans>
        <session>
            <display-name>BookStoreManagerSB</display-name>
            <ejb-name>BookStoreManager</ejb-name>
            <home>vn.com.onlinebookstore.BookStoreManagerRemoteHome</home>
            <remote>vn.com.onlinebookstore.BookStoreManagerRemote</remote>
            <ejb-class>vn.com.onlinebookstore.BookStoreManager</ejb-class>
            <session-type>Stateful</session-type>
            <transaction-type>Container</transaction-type>
            <ejb-local-ref>
                <ejb-ref-name>ejb/UserLocalHome</ejb-ref-name>
                <ejb-ref-type>Entity</ejb-ref-type>
                <local-home>vn.com.onlinebookstore.UserLocalHome</local-home>
                <local>vn.com.onlinebookstore.UserLocal</local>
                <ejb-link>User</ejb-link>
            </ejb-local-ref>
            <ejb-local-ref>
                <ejb-ref-name>ejb/CategoryLocalHome</ejb-ref-name>
                <ejb-ref-type>Entity</ejb-ref-type>
                <local-home>vn.com.onlinebookstore.CategoryLocalHome</local-home>
                <local>vn.com.onlinebookstore.CategoryLocal</local>
                <ejb-link>Category</ejb-link>
            </ejb-local-ref>
            <ejb-local-ref>
                <ejb-ref-name>ejb/BookLocalHome</ejb-ref-name>
                <ejb-ref-type>Entity</ejb-ref-type>
                <local-home>vn.com.onlinebookstore.BookLocalHome</local-home>
                <local>vn.com.onlinebookstore.BookLocal</local>
                <ejb-link>Book</ejb-link>
            </ejb-local-ref>
            <ejb-local-ref>
                <ejb-ref-name>ejb/CommentLocalHome</ejb-ref-name>
                <ejb-ref-type>Entity</ejb-ref-type>
                <local-home>vn.com.onlinebookstore.CommentLocalHome</local-home>
                <local>vn.com.onlinebookstore.CommentLocal</local>
                <ejb-link>Comment</ejb-link>
            </ejb-local-ref>
            <ejb-local-ref>
                <ejb-ref-name>ejb/OrderLocalHome</ejb-ref-name>
                <ejb-ref-type>Entity</ejb-ref-type>
                <local-home>vn.com.onlinebookstore.OrderLocalHome</local-home>
                <local>vn.com.onlinebookstore.OrderLocal</local>
                <ejb-link>Order</ejb-link>
            </ejb-local-ref>
            <ejb-local-ref>
                <ejb-ref-name>ejb/OrderLineLocalHome</ejb-ref-name>
                <ejb-ref-type>Entity</ejb-ref-type>
                <local-home>vn.com.onlinebookstore.OrderLineLocalHome</local-home>
                <local>vn.com.onlinebookstore.OrderLineLocal</local>
                <ejb-link>OrderLine</ejb-link>
            </ejb-local-ref>
        </session>
        <entity>
            <display-name>CategoryEB</display-name>
            <ejb-name>Category</ejb-name>
            <local-home>vn.com.onlinebookstore.CategoryLocalHome</local-home>
            <local>vn.com.onlinebookstore.CategoryLocal</local>
            <ejb-class>vn.com.onlinebookstore.Category</ejb-class>
            <persistence-type>Container</persistence-type>
            <prim-key-class>java.lang.Long</prim-key-class>
            <reentrant>false</reentrant>
            <abstract-schema-name>Category</abstract-schema-name>
            <cmp-field>
                <field-name>id</field-name>
            </cmp-field>
            <cmp-field>
                <field-name>name</field-name>
            </cmp-field>
            <cmp-field>
                <field-name>sortOrder</field-name>
            </cmp-field>
            <primkey-field>id</primkey-field>
            <resource-ref>
                <description>jdbc:derby://localhost:1527/cosc2465</description>
                <res-ref-name>jdbc/cosc2465</res-ref-name>
                <res-type>javax.sql.DataSource</res-type>
                <res-auth>Container</res-auth>
                <res-sharing-scope>Shareable</res-sharing-scope>
            </resource-ref>
            <query>
                <query-method>
                    <method-name>findAll</method-name>
                    <method-params/>
                </query-method>
                <ejb-ql>SELECT OBJECT(c) FROM Category AS c ORDER BY c.sortOrder ASC, c.name ASC</ejb-ql>
            </query>
            <query>
                <query-method>
                    <method-name>findAllOrderedByName</method-name>
                    <method-params/>
                </query-method>
                <ejb-ql>SELECT OBJECT(c) FROM Category AS c ORDER BY c.name ASC</ejb-ql>
            </query>
        </entity>
        <entity>
            <display-name>UserEB</display-name>
            <ejb-name>User</ejb-name>
            <local-home>vn.com.onlinebookstore.UserLocalHome</local-home>
            <local>vn.com.onlinebookstore.UserLocal</local>
            <ejb-class>vn.com.onlinebookstore.User</ejb-class>
            <persistence-type>Container</persistence-type>
            <prim-key-class>java.lang.Long</prim-key-class>
            <reentrant>false</reentrant>
            <abstract-schema-name>Users</abstract-schema-name>
            <cmp-field>
                <field-name>id</field-name>
            </cmp-field>
            <cmp-field>
                <field-name>login</field-name>
            </cmp-field>
            <cmp-field>
                <field-name>email</field-name>
            </cmp-field>
            <cmp-field>
                <field-name>password</field-name>
            </cmp-field>
            <cmp-field>
                <field-name>phone</field-name>
            </cmp-field>
            <cmp-field>
                <field-name>name</field-name>
            </cmp-field>
            <cmp-field>
                <field-name>birthday</field-name>
            </cmp-field>
            <cmp-field>
                <field-name>dateCreated</field-name>
            </cmp-field>
            <primkey-field>id</primkey-field>
            <resource-ref>
                <description>jdbc:derby://localhost:1527/cosc2465</description>
                <res-ref-name>jdbc/cosc2465</res-ref-name>
                <res-type>javax.sql.DataSource</res-type>
                <res-auth>Container</res-auth>
                <res-sharing-scope>Shareable</res-sharing-scope>
            </resource-ref>
            <query>
                <query-method>
                    <method-name>findByLoginDetails</method-name>
                    <method-params>
                        <method-param>java.lang.String</method-param>
                        <method-param>java.lang.String</method-param>
                    </method-params>
                </query-method>
                <ejb-ql>SELECT OBJECT(u) FROM Users AS u WHERE u.login = ?1 AND u.password = ?2</ejb-ql>
            </query>
            <query>
                <query-method>
                    <method-name>findByLogin</method-name>
                    <method-params>
                        <method-param>java.lang.String</method-param>
                    </method-params>
                </query-method>
                <ejb-ql>SELECT OBJECT(u) FROM Users AS u WHERE u.login = ?1</ejb-ql>
            </query>
            <query>
                <query-method>
                    <method-name>findByEmail</method-name>
                    <method-params>
                        <method-param>java.lang.String</method-param>
                    </method-params>
                </query-method>
                <ejb-ql>SELECT OBJECT(u) FROM Users AS u WHERE u.email = ?1</ejb-ql>
            </query>
        </entity>
        <entity>
            <display-name>BookEB</display-name>
            <ejb-name>Book</ejb-name>
            <local-home>vn.com.onlinebookstore.BookLocalHome</local-home>
            <local>vn.com.onlinebookstore.BookLocal</local>
            <ejb-class>vn.com.onlinebookstore.Book</ejb-class>
            <persistence-type>Container</persistence-type>
            <prim-key-class>java.lang.Long</prim-key-class>
            <reentrant>false</reentrant>
            <abstract-schema-name>Book</abstract-schema-name>
            <cmp-field>
                <field-name>id</field-name>
            </cmp-field>
            <cmp-field>
                <field-name>title</field-name>
            </cmp-field>
            <cmp-field>
                <field-name>description</field-name>
            </cmp-field>
            <cmp-field>
                <field-name>author</field-name>
            </cmp-field>
            <cmp-field>
                <field-name>publisher</field-name>
            </cmp-field>
            <cmp-field>
                <field-name>datePublished</field-name>
            </cmp-field>
            <cmp-field>
                <field-name>price</field-name>
            </cmp-field>
            <cmp-field>
                <field-name>photo</field-name>
            </cmp-field>
            <cmp-field>
                <field-name>ratingValue</field-name>
            </cmp-field>
            <cmp-field>
                <field-name>ratingCount</field-name>
            </cmp-field>
            <primkey-field>id</primkey-field>
            <resource-ref>
                <description>jdbc:derby://localhost:1527/cosc2465</description>
                <res-ref-name>jdbc/cosc2465</res-ref-name>
                <res-type>javax.sql.DataSource</res-type>
                <res-auth>Container</res-auth>
                <res-sharing-scope>Shareable</res-sharing-scope>
            </resource-ref>
            <query>
                <query-method>
                    <method-name>findBooksByTitleAndAuthorAndCategoryId</method-name>
                    <method-params>
                        <method-param>java.lang.String</method-param>
                        <method-param>java.lang.String</method-param>
                        <method-param>java.lang.Long</method-param>
                    </method-params>
                </query-method>
                <ejb-ql>SELECT OBJECT(b) FROM Book AS b WHERE b.title = ?1 AND b.author = ?2 AND b.category.id = ?3 ORDER BY b.title ASC, b.author ASC</ejb-ql>
            </query>
            <query>
                <query-method>
                    <method-name>findBooksByTitleAndCategoryId</method-name>
                    <method-params>
                        <method-param>java.lang.String</method-param>
                        <method-param>java.lang.Long</method-param>
                    </method-params>
                </query-method>
                <ejb-ql>SELECT OBJECT(b) FROM Book AS b WHERE b.title = ?1 AND b.category.id = ?2 ORDER BY b.title ASC, b.author ASC</ejb-ql>
            </query>
            <query>
                <query-method>
                    <method-name>findBooksByAuthorAndCategoryId</method-name>
                    <method-params>
                        <method-param>java.lang.String</method-param>
                        <method-param>java.lang.Long</method-param>
                    </method-params>
                </query-method>
                <ejb-ql>SELECT OBJECT(b) FROM Book AS b WHERE b.author = ?1 AND b.category.id = ?2 ORDER BY b.title ASC, b.author ASC</ejb-ql>
            </query>
            <query>
                <query-method>
                    <method-name>findBooksByCategoryId</method-name>
                    <method-params>
                        <method-param>java.lang.Long</method-param>
                    </method-params>
                </query-method>
                <ejb-ql>SELECT OBJECT(b) FROM Book AS b WHERE b.category.id = ?1 ORDER BY b.title ASC, b.author ASC</ejb-ql>
            </query>
        </entity>
        <entity>
            <display-name>CommentEB</display-name>
            <ejb-name>Comment</ejb-name>
            <local-home>vn.com.onlinebookstore.CommentLocalHome</local-home>
            <local>vn.com.onlinebookstore.CommentLocal</local>
            <ejb-class>vn.com.onlinebookstore.Comment</ejb-class>
            <persistence-type>Container</persistence-type>
            <prim-key-class>java.lang.Long</prim-key-class>
            <reentrant>false</reentrant>
            <abstract-schema-name>Comment</abstract-schema-name>
            <cmp-field>
                <field-name>id</field-name>
            </cmp-field>
            <cmp-field>
                <field-name>rating</field-name>
            </cmp-field>
            <cmp-field>
                <field-name>content</field-name>
            </cmp-field>
            <cmp-field>
                <field-name>date</field-name>
            </cmp-field>
            <primkey-field>id</primkey-field>
            <resource-ref>
                <description>jdbc:derby://localhost:1527/cosc2465</description>
                <res-ref-name>jdbc/cosc2465</res-ref-name>
                <res-type>javax.sql.DataSource</res-type>
                <res-auth>Container</res-auth>
                <res-sharing-scope>Shareable</res-sharing-scope>
            </resource-ref>
            <query>
                <query-method>
                    <method-name>findByUserIdAndBookId</method-name>
                    <method-params>
                        <method-param>java.lang.Long</method-param>
                        <method-param>java.lang.Long</method-param>
                    </method-params>
                </query-method>
                <ejb-ql>SELECT OBJECT(c) FROM Comment AS c WHERE c.user.id = ?1 And c.book.id = ?2 ORDER BY c.date DESC</ejb-ql>
            </query>
            <query>
                <query-method>
                    <method-name>findAllByBookId</method-name>
                    <method-params>
                        <method-param>java.lang.Long</method-param>
                    </method-params>
                </query-method>
                <ejb-ql>SELECT OBJECT(c) FROM Comment AS c WHERE c.book.id = ?1 ORDER BY c.date DESC</ejb-ql>
            </query>
        </entity>
        <entity>
            <display-name>OrderEB</display-name>
            <ejb-name>Order</ejb-name>
            <local-home>vn.com.onlinebookstore.OrderLocalHome</local-home>
            <local>vn.com.onlinebookstore.OrderLocal</local>
            <ejb-class>vn.com.onlinebookstore.Order</ejb-class>
            <persistence-type>Container</persistence-type>
            <prim-key-class>java.lang.Long</prim-key-class>
            <reentrant>false</reentrant>
            <abstract-schema-name>Orders</abstract-schema-name>
            <cmp-field>
                <field-name>id</field-name>
            </cmp-field>
            <cmp-field>
                <field-name>date</field-name>
            </cmp-field>
            <cmp-field>
                <field-name>amount</field-name>
            </cmp-field>
            <cmp-field>
                <field-name>address</field-name>
            </cmp-field>
            <primkey-field>id</primkey-field>
            <resource-ref>
                <description>jdbc:derby://localhost:1527/cosc2465</description>
                <res-ref-name>jdbc/cosc2465</res-ref-name>
                <res-type>javax.sql.DataSource</res-type>
                <res-auth>Container</res-auth>
                <res-sharing-scope>Shareable</res-sharing-scope>
            </resource-ref>
        </entity>
        <entity>
            <display-name>OrderLineEB</display-name>
            <ejb-name>OrderLine</ejb-name>
            <local-home>vn.com.onlinebookstore.OrderLineLocalHome</local-home>
            <local>vn.com.onlinebookstore.OrderLineLocal</local>
            <ejb-class>vn.com.onlinebookstore.OrderLine</ejb-class>
            <persistence-type>Container</persistence-type>
            <prim-key-class>java.lang.Long</prim-key-class>
            <reentrant>false</reentrant>
            <abstract-schema-name>OrderLine</abstract-schema-name>
            <cmp-field>
                <field-name>id</field-name>
            </cmp-field>
            <cmp-field>
                <field-name>unitPrice</field-name>
            </cmp-field>
            <cmp-field>
                <field-name>quantity</field-name>
            </cmp-field>
            <primkey-field>id</primkey-field>
            <resource-ref>
                <description>jdbc:derby://localhost:1527/cosc2465</description>
                <res-ref-name>jdbc/cosc2465</res-ref-name>
                <res-type>javax.sql.DataSource</res-type>
                <res-auth>Container</res-auth>
                <res-sharing-scope>Shareable</res-sharing-scope>
            </resource-ref>
        </entity>
    </enterprise-beans>
    <relationships>
        <ejb-relation>
            <description/>
            <ejb-relation-name>User-Order</ejb-relation-name>
            <ejb-relationship-role>
                <ejb-relationship-role-name>User</ejb-relationship-role-name>
                <multiplicity>One</multiplicity>
                <relationship-role-source>
                    <ejb-name>User</ejb-name>
                </relationship-role-source>
                <cmr-field>
                    <cmr-field-name>orders</cmr-field-name>
                    <cmr-field-type>java.util.Collection</cmr-field-type>
                </cmr-field>
            </ejb-relationship-role>
            <ejb-relationship-role>
                <ejb-relationship-role-name>Order</ejb-relationship-role-name>
                <multiplicity>Many</multiplicity>
                <relationship-role-source>
                    <ejb-name>Order</ejb-name>
                </relationship-role-source>
                <cmr-field>
                    <cmr-field-name>user</cmr-field-name>
                </cmr-field>
            </ejb-relationship-role>
        </ejb-relation>
        <ejb-relation>
            <ejb-relation-name>Order-OrderLine</ejb-relation-name>
            <ejb-relationship-role>
                <ejb-relationship-role-name>Order</ejb-relationship-role-name>
                <multiplicity>One</multiplicity>
                <relationship-role-source>
                    <ejb-name>Order</ejb-name>
                </relationship-role-source>
                <cmr-field>
                    <cmr-field-name>orderLines</cmr-field-name>
                    <cmr-field-type>java.util.Collection</cmr-field-type>
                </cmr-field>
            </ejb-relationship-role>
            <ejb-relationship-role>
                <ejb-relationship-role-name>OrderLine</ejb-relationship-role-name>
                <multiplicity>Many</multiplicity>
                <relationship-role-source>
                    <ejb-name>OrderLine</ejb-name>
                </relationship-role-source>
                <cmr-field>
                    <cmr-field-name>order</cmr-field-name>
                </cmr-field>
            </ejb-relationship-role>
        </ejb-relation>
        <ejb-relation>
            <description/>
            <ejb-relation-name>Category-Book</ejb-relation-name>
            <ejb-relationship-role>
                <ejb-relationship-role-name>Category</ejb-relationship-role-name>
                <multiplicity>One</multiplicity>
                <relationship-role-source>
                    <ejb-name>Category</ejb-name>
                </relationship-role-source>
                <cmr-field>
                    <cmr-field-name>books</cmr-field-name>
                    <cmr-field-type>java.util.Collection</cmr-field-type>
                </cmr-field>
            </ejb-relationship-role>
            <ejb-relationship-role>
                <ejb-relationship-role-name>Book</ejb-relationship-role-name>
                <multiplicity>Many</multiplicity>
                <relationship-role-source>
                    <ejb-name>Book</ejb-name>
                </relationship-role-source>
                <cmr-field>
                    <cmr-field-name>category</cmr-field-name>
                </cmr-field>
            </ejb-relationship-role>
        </ejb-relation>
        <ejb-relation>
            <description/>
            <ejb-relation-name>Book-Comment</ejb-relation-name>
            <ejb-relationship-role>
                <ejb-relationship-role-name>Book</ejb-relationship-role-name>
                <multiplicity>One</multiplicity>
                <relationship-role-source>
                    <ejb-name>Book</ejb-name>
                </relationship-role-source>
                <cmr-field>
                    <cmr-field-name>comments</cmr-field-name>
                    <cmr-field-type>java.util.Collection</cmr-field-type>
                </cmr-field>
            </ejb-relationship-role>
            <ejb-relationship-role>
                <ejb-relationship-role-name>Comment</ejb-relationship-role-name>
                <multiplicity>Many</multiplicity>
                <relationship-role-source>
                    <ejb-name>Comment</ejb-name>
                </relationship-role-source>
                <cmr-field>
                    <cmr-field-name>book</cmr-field-name>
                </cmr-field>
            </ejb-relationship-role>
        </ejb-relation>
        <ejb-relation>
            <description/>
            <ejb-relation-name>Book-OrderLine</ejb-relation-name>
            <ejb-relationship-role>
                <ejb-relationship-role-name>Book</ejb-relationship-role-name>
                <multiplicity>One</multiplicity>
                <relationship-role-source>
                    <ejb-name>Book</ejb-name>
                </relationship-role-source>
                <cmr-field>
                    <cmr-field-name>orderLines</cmr-field-name>
                    <cmr-field-type>java.util.Collection</cmr-field-type>
                </cmr-field>
            </ejb-relationship-role>
            <ejb-relationship-role>
                <ejb-relationship-role-name>OrderLine</ejb-relationship-role-name>
                <multiplicity>Many</multiplicity>
                <relationship-role-source>
                    <ejb-name>OrderLine</ejb-name>
                </relationship-role-source>
                <cmr-field>
                    <cmr-field-name>book</cmr-field-name>
                </cmr-field>
            </ejb-relationship-role>
        </ejb-relation>
        <ejb-relation>
            <description/>
            <ejb-relation-name>User-Comment</ejb-relation-name>
            <ejb-relationship-role>
                <ejb-relationship-role-name>User</ejb-relationship-role-name>
                <multiplicity>One</multiplicity>
                <relationship-role-source>
                    <ejb-name>User</ejb-name>
                </relationship-role-source>
                <cmr-field>
                    <cmr-field-name>comments</cmr-field-name>
                    <cmr-field-type>java.util.Collection</cmr-field-type>
                </cmr-field>
            </ejb-relationship-role>
            <ejb-relationship-role>
                <ejb-relationship-role-name>Comment</ejb-relationship-role-name>
                <multiplicity>Many</multiplicity>
                <relationship-role-source>
                    <ejb-name>Comment</ejb-name>
                </relationship-role-source>
                <cmr-field>
                    <cmr-field-name>user</cmr-field-name>
                </cmr-field>
            </ejb-relationship-role>
        </ejb-relation>
    </relationships>
    <assembly-descriptor>
        <container-transaction>
            <method>
                <ejb-name>BookStoreManager</ejb-name>
                <method-name>*</method-name>
            </method>
            <trans-attribute>Required</trans-attribute>
        </container-transaction>
        <container-transaction>
            <method>
                <ejb-name>Category</ejb-name>
                <method-name>*</method-name>
            </method>
            <trans-attribute>Required</trans-attribute>
        </container-transaction>
        <container-transaction>
            <method>
                <ejb-name>User</ejb-name>
                <method-name>*</method-name>
            </method>
            <trans-attribute>Required</trans-attribute>
        </container-transaction>
        <container-transaction>
            <method>
                <ejb-name>Book</ejb-name>
                <method-name>*</method-name>
            </method>
            <trans-attribute>Required</trans-attribute>
        </container-transaction>
        <container-transaction>
            <method>
                <ejb-name>Comment</ejb-name>
                <method-name>*</method-name>
            </method>
            <trans-attribute>Required</trans-attribute>
        </container-transaction>
        <container-transaction>
            <method>
                <ejb-name>Order</ejb-name>
                <method-name>*</method-name>
            </method>
            <trans-attribute>Required</trans-attribute>
        </container-transaction>
        <container-transaction>
            <method>
                <ejb-name>OrderLine</ejb-name>
                <method-name>*</method-name>
            </method>
            <trans-attribute>Required</trans-attribute>
        </container-transaction>
    </assembly-descriptor>
</ejb-jar>
