<?xml version="1.0" encoding="UTF-8"?>
<sun-cmp-mappings>
    <sun-cmp-mapping>
        <schema>onlineBookStore</schema>
        <entity-mapping>
            <ejb-name>Book</ejb-name>
            <table-name>BOOK</table-name>
            <cmp-field-mapping>
                <field-name>id</field-name>
                <column-name>BOOK.ID</column-name>
            </cmp-field-mapping>
            <cmp-field-mapping>
                <field-name>title</field-name>
                <column-name>BOOK.TITLE</column-name>
            </cmp-field-mapping>
            <cmp-field-mapping>
                <field-name>description</field-name>
                <column-name>BOOK.DESCRIPTION</column-name>
            </cmp-field-mapping>
            <cmp-field-mapping>
                <field-name>author</field-name>
                <column-name>BOOK.AUTHOR</column-name>
            </cmp-field-mapping>
            <cmp-field-mapping>
                <field-name>publisher</field-name>
                <column-name>BOOK.PUBLISHER</column-name>
            </cmp-field-mapping>
            <cmp-field-mapping>
                <field-name>datePublished</field-name>
                <column-name>BOOK.DATE_PUBLISHED</column-name>
            </cmp-field-mapping>
            <cmp-field-mapping>
                <field-name>price</field-name>
                <column-name>BOOK.PRICE</column-name>
            </cmp-field-mapping>
            <cmp-field-mapping>
                <field-name>photo</field-name>
                <column-name>BOOK.PHOTO</column-name>
            </cmp-field-mapping>
            <cmp-field-mapping>
                <field-name>ratingValue</field-name>
                <column-name>BOOK.RATING_VALUE</column-name>
            </cmp-field-mapping>
            <cmp-field-mapping>
                <field-name>ratingCount</field-name>
                <column-name>BOOK.RATING_COUNT</column-name>
            </cmp-field-mapping>
            <cmr-field-mapping>
                <cmr-field-name>comments</cmr-field-name>
                <column-pair>
                    <column-name>BOOK.ID</column-name>
                    <column-name>COMMENT.BOOK_ID</column-name>
                </column-pair>
                <fetched-with>
                    <none/>
                </fetched-with>
            </cmr-field-mapping>
            <cmr-field-mapping>
                <cmr-field-name>category</cmr-field-name>
                <column-pair>
                    <column-name>BOOK.CATEGORY_ID</column-name>
                    <column-name>CATEGORY.ID</column-name>
                </column-pair>
                <fetched-with>
                    <none/>
                </fetched-with>
            </cmr-field-mapping>
            <cmr-field-mapping>
                <cmr-field-name>orderLines</cmr-field-name>
                <column-pair>
                    <column-name>BOOK.ID</column-name>
                    <column-name>ORDER_LINE.BOOK_ID</column-name>
                </column-pair>
                <fetched-with>
                    <none/>
                </fetched-with>
            </cmr-field-mapping>
        </entity-mapping>
        <entity-mapping>
            <ejb-name>Category</ejb-name>
            <table-name>CATEGORY</table-name>
            <cmp-field-mapping>
                <field-name>id</field-name>
                <column-name>CATEGORY.ID</column-name>
            </cmp-field-mapping>
            <cmp-field-mapping>
                <field-name>name</field-name>
                <column-name>CATEGORY.CATEGORY_NAME</column-name>
            </cmp-field-mapping>
            <cmp-field-mapping>
                <field-name>sortOrder</field-name>
                <column-name>CATEGORY.SORT_ORDER</column-name>
            </cmp-field-mapping>
            <cmr-field-mapping>
                <cmr-field-name>books</cmr-field-name>
                <column-pair>
                    <column-name>CATEGORY.ID</column-name>
                    <column-name>BOOK.CATEGORY_ID</column-name>
                </column-pair>
                <fetched-with>
                    <none/>
                </fetched-with>
            </cmr-field-mapping>
        </entity-mapping>
        <entity-mapping>
            <ejb-name>Comment</ejb-name>
            <table-name>COMMENT</table-name>
            <cmp-field-mapping>
                <field-name>id</field-name>
                <column-name>COMMENT.ID</column-name>
            </cmp-field-mapping>
            <cmp-field-mapping>
                <field-name>rating</field-name>
                <column-name>COMMENT.RATING</column-name>
            </cmp-field-mapping>
            <cmp-field-mapping>
                <field-name>content</field-name>
                <column-name>COMMENT.CONTENT</column-name>
            </cmp-field-mapping>
            <cmp-field-mapping>
                <field-name>date</field-name>
                <column-name>COMMENT.COMMENT_DATE</column-name>
            </cmp-field-mapping>
            <cmr-field-mapping>
                <cmr-field-name>book</cmr-field-name>
                <column-pair>
                    <column-name>COMMENT.BOOK_ID</column-name>
                    <column-name>BOOK.ID</column-name>
                </column-pair>
                <fetched-with>
                    <none/>
                </fetched-with>
            </cmr-field-mapping>
            <cmr-field-mapping>
                <cmr-field-name>user</cmr-field-name>
                <column-pair>
                    <column-name>COMMENT.USER_ID</column-name>
                    <column-name>USERS.ID</column-name>
                </column-pair>
                <fetched-with>
                    <none/>
                </fetched-with>
            </cmr-field-mapping>
        </entity-mapping>
        <entity-mapping>
            <ejb-name>Order</ejb-name>
            <table-name>ORDERS</table-name>
            <cmp-field-mapping>
                <field-name>id</field-name>
                <column-name>ORDERS.ID</column-name>
            </cmp-field-mapping>
            <cmp-field-mapping>
                <field-name>date</field-name>
                <column-name>ORDERS.ORDER_DATE</column-name>
            </cmp-field-mapping>
            <cmp-field-mapping>
                <field-name>amount</field-name>
                <column-name>ORDERS.AMOUNT</column-name>
            </cmp-field-mapping>
            <cmp-field-mapping>
                <field-name>address</field-name>
                <column-name>ORDERS.ADDRESS</column-name>
            </cmp-field-mapping>
            <cmr-field-mapping>
                <cmr-field-name>orderLines</cmr-field-name>
                <column-pair>
                    <column-name>ORDERS.ID</column-name>
                    <column-name>ORDER_LINE.ORDER_ID</column-name>
                </column-pair>
                <fetched-with>
                    <none/>
                </fetched-with>
            </cmr-field-mapping>
            <cmr-field-mapping>
                <cmr-field-name>user</cmr-field-name>
                <column-pair>
                    <column-name>ORDERS.USER_ID</column-name>
                    <column-name>USERS.ID</column-name>
                </column-pair>
                <fetched-with>
                    <none/>
                </fetched-with>
            </cmr-field-mapping>
        </entity-mapping>
        <entity-mapping>
            <ejb-name>OrderLine</ejb-name>
            <table-name>ORDER_LINE</table-name>
            <cmp-field-mapping>
                <field-name>id</field-name>
                <column-name>ORDER_LINE.ID</column-name>
            </cmp-field-mapping>
            <cmp-field-mapping>
                <field-name>unitPrice</field-name>
                <column-name>ORDER_LINE.UNIT_PRICE</column-name>
            </cmp-field-mapping>
            <cmp-field-mapping>
                <field-name>quantity</field-name>
                <column-name>ORDER_LINE.QUANTITY</column-name>
            </cmp-field-mapping>
            <cmr-field-mapping>
                <cmr-field-name>order</cmr-field-name>
                <column-pair>
                    <column-name>ORDER_LINE.ORDER_ID</column-name>
                    <column-name>ORDERS.ID</column-name>
                </column-pair>
                <fetched-with>
                    <none/>
                </fetched-with>
            </cmr-field-mapping>
            <cmr-field-mapping>
                <cmr-field-name>book</cmr-field-name>
                <column-pair>
                    <column-name>ORDER_LINE.BOOK_ID</column-name>
                    <column-name>BOOK.ID</column-name>
                </column-pair>
                <fetched-with>
                    <none/>
                </fetched-with>
            </cmr-field-mapping>
        </entity-mapping>
        <entity-mapping>
            <ejb-name>User</ejb-name>
            <table-name>USERS</table-name>
            <cmp-field-mapping>
                <field-name>id</field-name>
                <column-name>USERS.ID</column-name>
            </cmp-field-mapping>
            <cmp-field-mapping>
                <field-name>login</field-name>
                <column-name>USERS.LOGIN</column-name>
            </cmp-field-mapping>
            <cmp-field-mapping>
                <field-name>email</field-name>
                <column-name>USERS.EMAIL</column-name>
            </cmp-field-mapping>
            <cmp-field-mapping>
                <field-name>password</field-name>
                <column-name>USERS.PASSWORD</column-name>
            </cmp-field-mapping>
            <cmp-field-mapping>
                <field-name>phone</field-name>
                <column-name>USERS.PHONE</column-name>
            </cmp-field-mapping>
            <cmp-field-mapping>
                <field-name>name</field-name>
                <column-name>USERS.FULLNAME</column-name>
            </cmp-field-mapping>
            <cmp-field-mapping>
                <field-name>birthday</field-name>
                <column-name>USERS.BIRTHDAY</column-name>
            </cmp-field-mapping>
            <cmp-field-mapping>
                <field-name>dateCreated</field-name>
                <column-name>USERS.DATE_CREATED</column-name>
            </cmp-field-mapping>
            <cmr-field-mapping>
                <cmr-field-name>orders</cmr-field-name>
                <column-pair>
                    <column-name>USERS.ID</column-name>
                    <column-name>ORDERS.USER_ID</column-name>
                </column-pair>
                <fetched-with>
                    <none/>
                </fetched-with>
            </cmr-field-mapping>
            <cmr-field-mapping>
                <cmr-field-name>comments</cmr-field-name>
                <column-pair>
                    <column-name>USERS.ID</column-name>
                    <column-name>COMMENT.USER_ID</column-name>
                </column-pair>
                <fetched-with>
                    <none/>
                </fetched-with>
            </cmr-field-mapping>
        </entity-mapping>
    </sun-cmp-mapping>
</sun-cmp-mappings>
